{"cameraMode":{"drawMode":0,"name":"Shaded","section":"Shading Mode"},"sceneLighting":false,"audioPlay":false,"sceneViewState":{"m_AlwaysRefresh":false,"showFog":true,"showSkybox":false,"showFlares":true,"showImageEffects":true,"showParticleSystems":true,"showVisualEffectGraphs":true,"m_FxEnabled":true},"in2DMode":false,"pivot":{"x":-0.4619118869304657,"y":-0.13041025400161744,"z":-0.28184589743614199},"rotation":{"x":-0.1707140952348709,"y":0.6446784734725952,"z":-0.15081782639026643,"w":-0.7297263145446777},"size":0.7141428589820862,"orthographic":false}